<?xml version="1.0" encoding="UTF-8"?>
<!DOCTYPE mapper PUBLIC "-//mybatis.org//DTD Mapper 3.0//EN" "http://mybatis.org/dtd/mybatis-3-mapper.dtd">
<mapper namespace="co.market.lemon.reply.service.ReplyMapper">
	<select id = "replyList" resultType="co.market.lemon.reply.service.ReplyVO">
		SELECT * FROM REPLY
		WHERE PRODUCT_ID = #{productId}
	</select>
	
	<select id="replySelect" resultType="co.market.lemon.reply.service.ReplyVO">
		SELECT * FROM REPLY
		WHERE REPLY_ID = #{replyId}
	</select>
	
	<insert id="replyInsert">
		INSERT INTO REPLY VALUES (#{productId}, REPLY_SEQ.NEXTVAL, #{replyWriter}, #{replySubject}, SYSDATE, #{replySecret})
	</insert>
	
	<update id="replyUpdate" parameterType="co.market.lemon.reply.service.ReplyVO">
		UPDATE REPLY SET REPLY_SUBJECT = #{replySubject}
		WHERE PRODUCT_ID = #{productId}
	</update>
	
	<delete id="replyDelete" parameterType="co.market.lemon.reply.service.ReplyVO">
		DELETE FROM REPLY
		WHERE PRODUCT_ID = #{productId}
	</delete>

	
</mapper>