<?xml version="1.0" encoding="UTF-8"?>
<!DOCTYPE mapper PUBLIC "-//mybatis.org//DTD Mapper 3.0//EN" "http://mybatis.org/dtd/mybatis-3-mapper.dtd">
<mapper namespace="co.market.lemon.member.service.MemberMapper">
	<select id="memberSelectList" resultType="co.market.lemon.member.service.MemberVO">
		SELECT * FROM MEMBER
	</select>
	
	<select id="memberSelect" resultType="co.market.lemon.member.service.MemberVO">
		SELECT * FROM MEMBER
		WHERE MEMBER_ID = #{memberId}
		

		<if test="memberPw != null">
			AND MEMBER_PW = #{memberPw}
		</if>		
	</select>
	
	<insert id="memberInsert" parameterType="co.market.lemon.member.service.MemberVO">
		INSERT INTO MEMBER
		VALUES (#{memberId}, #{memberPw}, #{memberName}, #{memberTel}, 'N', 0)
	</insert>
	
	<update id="memberUpdate" parameterType="co.market.lemon.member.service.MemberVO">	
		UPDATE MEMBER
		SET MEMBER_PW = #{memberPw}, MEMBER_NAME = #{memberName}, MEMBER_TEL = #{memberTel}
		WHERE MEMBER_ID = #{memberId}
	</update>
	
	<delete id="memberDelete" parameterType="co.market.lemon.member.service.MemberVO">
		DELETE FROM MEMBER
		WHERE MEMBER_ID = #{memberId}
	</delete>
	
	<select id="memberLogin" resultType="co.market.lemon.member.service.MemberVO">
		SELECT * FROM MEMBER
		WHERE MEMBER_ID = #{memberId} AND MEMBER_PW = #{memberPw}
	</select>
</mapper>