<?xml version="1.0" encoding="UTF-8"?>
<!DOCTYPE mapper PUBLIC "-//mybatis.org//DTD Mapper 3.0//EN" "http://mybatis.org/dtd/mybatis-3-mapper.dtd">
<mapper namespace="co.micol.miniproject.member.service.MemberMapper">	
	<select id="memberSelectList" resultType="map">
		SELECT * FROM MEMBER
	</select>
	<select id="memberSelect" resultType="co.micol.miniproject.member.service.MemberVO">
		SELECT * FROM MEMBER
		WHERE MEMBER_ID = #{memberId}
		<if test="memberPassword != null">
			AND MEMBER_PASSWORD = #{memberPassword}
		</if>
	</select>
    <insert id="memberInsert">
    	INSERT INTO MEMBER
    	VALUES(
    		#{memberId},
    		#{memberPassword},
    		#{memberName},
    		#{memberAge},
    		#{memberTel},
    		#{memberGender},
    		#{memberAuthor},
    		#{memberImage},
    		#{memberImgDir}
    	)
    </insert>
    
    <delete id="memberDelete">
    	
    </delete>
    
    <update id="memberUpdate">
    
    </update>
</mapper>